/*
SQLyog Ultimate v13.1.1 (64 bit)
MySQL - 10.4.32-MariaDB : Database - library
*********************************************************************
*/

/*!40101 SET NAMES utf8 */;

/*!40101 SET SQL_MODE=''*/;

/*!40014 SET @OLD_UNIQUE_CHECKS=@@UNIQUE_CHECKS, UNIQUE_CHECKS=0 */;
/*!40014 SET @OLD_FOREIGN_KEY_CHECKS=@@FOREIGN_KEY_CHECKS, FOREIGN_KEY_CHECKS=0 */;
/*!40101 SET @OLD_SQL_MODE=@@SQL_MODE, SQL_MODE='NO_AUTO_VALUE_ON_ZERO' */;
/*!40111 SET @OLD_SQL_NOTES=@@SQL_NOTES, SQL_NOTES=0 */;
CREATE DATABASE /*!32312 IF NOT EXISTS*/`library` /*!40100 DEFAULT CHARACTER SET utf8mb4 COLLATE utf8mb4_general_ci */;

USE `library`;

/*Table structure for table `authors` */

DROP TABLE IF EXISTS `authors`;

CREATE TABLE `authors` (
  `authorid` int(9) NOT NULL AUTO_INCREMENT,
  `name` char(255) NOT NULL,
  PRIMARY KEY (`authorid`)
) ENGINE=InnoDB AUTO_INCREMENT=106 DEFAULT CHARSET=utf8mb4 COLLATE=utf8mb4_general_ci;

/*Data for the table `authors` */

insert  into `authors`(`authorid`,`name`) values 
(1,'thisisanewauthor'),
(2,'Author B'),
(3,'Author C'),
(4,'Author D'),
(5,'Author E'),
(6,'Author F'),
(7,'Author G'),
(8,'Author H'),
(9,'Author I'),
(10,'Author J'),
(11,'Author K'),
(12,'Author L'),
(13,'Author M'),
(14,'Author N'),
(15,'Author O'),
(16,'Author P'),
(17,'Author Q'),
(18,'Author R'),
(19,'Author S'),
(20,'Author T'),
(21,'Author U'),
(22,'Author V'),
(23,'Author W'),
(24,'Author X'),
(25,'Author Y'),
(26,'Author Z'),
(27,'Author AA'),
(28,'Author BB'),
(29,'Author CC'),
(30,'Author DD'),
(31,'Author EE'),
(32,'Author FF'),
(33,'Author GG'),
(34,'Author HH'),
(35,'Author II'),
(36,'Author JJ'),
(37,'Author KK'),
(38,'Author LL'),
(39,'Author MM'),
(40,'Author NN'),
(41,'Author OO'),
(42,'Author PP'),
(43,'Author QQ'),
(44,'Author RR'),
(45,'Author SS'),
(46,'Author TT'),
(47,'Author UU'),
(48,'Author VV'),
(49,'Author WW'),
(50,'Author XX'),
(51,'Author YY'),
(52,'Author ZZ'),
(53,'Author AAA'),
(54,'Author BBB'),
(55,'Author CCC'),
(56,'Author DDD'),
(57,'Author EEE'),
(58,'Author FFF'),
(59,'Author GGG'),
(60,'Author HHH'),
(61,'Author III'),
(62,'Author JJJ'),
(63,'Author KKK'),
(64,'Author LLL'),
(65,'Author MMM'),
(66,'Author NNN'),
(67,'Author OOO'),
(68,'Author PPP'),
(69,'Author QQQ'),
(70,'Author RRR'),
(71,'Author SSS'),
(72,'Author TTT'),
(73,'Author UUU'),
(74,'Author VVV'),
(75,'Author WWW'),
(76,'Author XXX'),
(77,'Author YYY'),
(78,'Author ZZZ'),
(79,'Author AAAA'),
(80,'Author BBBB'),
(81,'Author CCCC'),
(82,'Author DDDD'),
(83,'Author EEEE'),
(84,'Author FFFF'),
(85,'Author GGGG'),
(86,'Author HHHH'),
(87,'Author IIII'),
(88,'Author JJJJ'),
(89,'Author KKKK'),
(90,'Author LLLL'),
(91,'Author MMMM'),
(92,'Author NNNN'),
(93,'Author OOOO'),
(94,'Author PPPP'),
(95,'Author QQQQ'),
(96,'Author RRRR'),
(97,'Author SSSS'),
(98,'Author TTTT'),
(99,'Author UUUU'),
(101,'J.K. Rowling');

/*Table structure for table `books` */

DROP TABLE IF EXISTS `books`;

CREATE TABLE `books` (
  `bookid` int(9) NOT NULL AUTO_INCREMENT,
  `title` char(255) NOT NULL,
  `authorid` int(9) NOT NULL,
  PRIMARY KEY (`bookid`),
  KEY `authorid` (`authorid`),
  CONSTRAINT `books_ibfk_1` FOREIGN KEY (`authorid`) REFERENCES `authors` (`authorid`) ON DELETE CASCADE ON UPDATE CASCADE
) ENGINE=InnoDB AUTO_INCREMENT=152 DEFAULT CHARSET=utf8mb4 COLLATE=utf8mb4_general_ci;

/*Data for the table `books` */

insert  into `books`(`bookid`,`title`,`authorid`) values 
(1,'thisisabook',23),
(2,'Book Title 2',2),
(3,'Book Title 3',3),
(4,'Book Title 4',4),
(5,'hakdog',65),
(6,'Book Title 6',6),
(7,'Book Title 7',7),
(8,'Book Title 8',8),
(9,'Book Title 9',9),
(10,'Book Title 10',10),
(11,'Book Title 11',11),
(12,'Book Title 12',12),
(13,'Book Title 13',13),
(14,'Book Title 14',14),
(15,'Book Title 15',15),
(16,'Book Title 16',16),
(17,'Book Title 17',17),
(18,'Book Title 18',18),
(19,'Book Title 19',19),
(20,'Book Title 20',20),
(21,'Book Title 21',21),
(22,'Book Title 22',22),
(23,'Book Title 23',23),
(24,'Book Title 24',24),
(25,'Book Title 25',25),
(26,'Book Title 26',26),
(27,'Book Title 27',27),
(28,'Book Title 28',28),
(29,'Book Title 29',29),
(30,'Book Title 30',30),
(31,'Book Title 31',31),
(32,'Book Title 32',32),
(33,'Book Title 33',33),
(34,'Book Title 34',34),
(35,'Book Title 35',35),
(36,'Book Title 36',36),
(37,'Book Title 37',37),
(38,'Book Title 38',38),
(39,'Book Title 39',39),
(40,'Book Title 40',40),
(41,'Book Title 41',41),
(42,'Book Title 42',42),
(43,'Book Title 43',43),
(44,'Book Title 44',44),
(45,'Book Title 45',45),
(46,'Book Title 46',46),
(47,'Book Title 47',47),
(48,'Book Title 48',48),
(49,'Book Title 49',49),
(50,'Book Title 50',50),
(51,'Book Title 51',51),
(52,'Book Title 52',52),
(53,'Book Title 53',53),
(54,'Book Title 54',54),
(55,'Book Title 55',55),
(56,'Book Title 56',56),
(57,'Book Title 57',57),
(58,'Book Title 58',58),
(59,'Book Title 59',59),
(60,'Book Title 60',60),
(61,'Book Title 61',61),
(62,'Book Title 62',62),
(63,'Book Title 63',63),
(64,'Book Title 64',64),
(65,'Book Title 65',65),
(66,'Book Title 66',66),
(67,'Book Title 67',67),
(68,'Book Title 68',68),
(69,'Book Title 69',69),
(70,'Book Title 70',70),
(71,'Book Title 71',71),
(72,'Book Title 72',72),
(73,'Book Title 73',73),
(74,'Book Title 74',74),
(75,'Book Title 75',75),
(76,'Book Title 76',76),
(77,'Book Title 77',77),
(78,'Book Title 78',78),
(79,'Book Title 79',79),
(80,'Book Title 80',80),
(81,'Book Title 81',81),
(82,'Book Title 82',82),
(83,'Book Title 83',83),
(84,'Book Title 84',84),
(85,'Book Title 85',85),
(86,'Book Title 86',86),
(87,'Book Title 87',87),
(88,'Book Title 88',88),
(89,'Book Title 89',89),
(90,'Book Title 90',90),
(91,'Book Title 91',91),
(92,'Book Title 92',92),
(93,'Book Title 93',93),
(94,'Book Title 94',94),
(95,'Book Title 95',95),
(96,'Book Title 96',96),
(97,'Book Title 97',97),
(98,'Book Title 98',98),
(99,'Book Title 99',99),
(121,'The Great Gatsby',1),
(138,'The Great Gatsby',1),
(140,'The Great Gatsby',5),
(141,'The Great Gatsby',83),
(144,'book101',99),
(145,'thisisabook',77),
(146,'thisisabook',77),
(147,'thisisabook',77),
(148,'thebook',5),
(149,'thisisabook',1),
(150,'booknirob',67),
(151,'booknirob',67);

/*Table structure for table `books_authors` */

DROP TABLE IF EXISTS `books_authors`;

CREATE TABLE `books_authors` (
  `collectionid` int(9) NOT NULL AUTO_INCREMENT,
  `bookid` int(9) NOT NULL,
  `authorid` int(9) NOT NULL,
  PRIMARY KEY (`collectionid`),
  KEY `authorid` (`authorid`),
  KEY `bookid` (`bookid`),
  CONSTRAINT `books_authors_ibfk_1` FOREIGN KEY (`authorid`) REFERENCES `authors` (`authorid`) ON DELETE CASCADE ON UPDATE CASCADE,
  CONSTRAINT `books_authors_ibfk_2` FOREIGN KEY (`bookid`) REFERENCES `books` (`bookid`) ON DELETE CASCADE ON UPDATE CASCADE
) ENGINE=InnoDB AUTO_INCREMENT=104 DEFAULT CHARSET=utf8mb4 COLLATE=utf8mb4_general_ci;

/*Data for the table `books_authors` */

insert  into `books_authors`(`collectionid`,`bookid`,`authorid`) values 
(1,1,1),
(2,2,2),
(3,3,3),
(4,4,4),
(5,5,5),
(6,6,6),
(7,7,7),
(8,8,8),
(9,9,9),
(10,10,10),
(11,11,11),
(12,12,12),
(13,13,13),
(14,14,14),
(15,15,15),
(16,16,16),
(17,17,17),
(18,18,18),
(19,19,19),
(20,20,20),
(21,21,21),
(22,22,22),
(23,23,23),
(24,24,24),
(25,25,25),
(26,26,26),
(27,27,27),
(28,28,28),
(29,29,29),
(30,30,30),
(31,31,31),
(32,32,32),
(33,33,33),
(34,34,34),
(35,35,35),
(36,36,36),
(37,37,37),
(38,38,38),
(39,39,39),
(40,40,40),
(41,41,41),
(42,42,42),
(43,43,43),
(44,44,44),
(45,45,45),
(46,46,46),
(47,47,47),
(48,48,48),
(49,49,49),
(50,50,50),
(51,51,51),
(52,52,52),
(53,53,53),
(54,54,54),
(55,55,55),
(56,56,56),
(57,57,57),
(58,58,58),
(59,59,59),
(60,60,60),
(61,61,61),
(62,62,62),
(63,63,63),
(64,64,64),
(65,65,65),
(66,66,66),
(67,67,67),
(68,68,68),
(69,69,69),
(70,70,70),
(71,71,71),
(72,72,72),
(73,73,73),
(74,74,74),
(75,75,75),
(76,76,76),
(77,77,77),
(78,78,78),
(79,79,79),
(80,80,80),
(81,81,81),
(82,82,82),
(83,83,83),
(84,84,84),
(85,85,85),
(86,86,86),
(87,87,87),
(88,88,88),
(89,89,89),
(90,90,90),
(91,91,91),
(92,92,92),
(93,93,93),
(94,94,94),
(95,95,95),
(96,96,96),
(97,97,97),
(98,98,98),
(99,99,99),
(102,1,99),
(103,1,1);

/*Table structure for table `jwt_tokens` */

DROP TABLE IF EXISTS `jwt_tokens`;

CREATE TABLE `jwt_tokens` (
  `id` int(11) NOT NULL AUTO_INCREMENT,
  `token` text NOT NULL,
  `exp` int(11) NOT NULL,
  `used` tinyint(1) NOT NULL DEFAULT 0,
  `created_at` datetime DEFAULT current_timestamp(),
  PRIMARY KEY (`id`)
) ENGINE=InnoDB AUTO_INCREMENT=35 DEFAULT CHARSET=utf8mb4 COLLATE=utf8mb4_general_ci;

/*Data for the table `jwt_tokens` */

insert  into `jwt_tokens`(`id`,`token`,`exp`,`used`,`created_at`) values 
(1,'eyJ0eXAiOiJKV1QiLCJhbGciOiJIUzI1NiJ9.eyJpc3MiOiJodHRwOi8vbGlicmFyeS5vcmciLCJhdWQiOiJodHRwOi8vbGlicmFyeS5jb20iLCJpYXQiOjE3Mjg4MzAzOTEsImV4cCI6MTcyODgzNDAwMX0.ii7R907OSZu1G6Jy5Z9W-kx66fuyZimo_gU2qUnrLWg',1728833991,1,'2024-10-13 22:39:51'),
(2,'eyJ0eXAiOiJKV1QiLCJhbGciOiJIUzI1NiJ9.eyJpc3MiOiJodHRwOi8vbGlicmFyeS5vcmciLCJhdWQiOiJodHRwOi8vbGlicmFyeS5jb20iLCJpYXQiOjE3Mjg4MzA0MjIsImV4cCI6MTcyODgzNDAyMn0.weDtlFn6KFMqVsbMRuiGL0A38HRXrUj_rfAK_XR92VM',0,1,'2024-10-13 22:40:22'),
(3,'eyJ0eXAiOiJKV1QiLCJhbGciOiJIUzI1NiJ9.eyJpc3MiOiJodHRwOi8vbGlicmFyeS5vcmciLCJhdWQiOiJodHRwOi8vbGlicmFyeS5jb20iLCJpYXQiOjE3Mjg4MzA0MzUsImV4cCI6MTcyODgzNDAzNX0.-Kr7RzTpQjgRUk5dpptfb3FyA3O-qtT_8PPOzNc9qnU',0,1,'2024-10-13 22:40:35'),
(4,'eyJ0eXAiOiJKV1QiLCJhbGciOiJIUzI1NiJ9.eyJpc3MiOiJodHRwOi8vbGlicmFyeS5vcmciLCJhdWQiOiJodHRwOi8vbGlicmFyeS5jb20iLCJpYXQiOjE3Mjg4MzA0NTksImV4cCI6MTcyODgzNDA1OX0.6Z71Z8FzKH5lICNHtfogs7a4WXHzdi4rD2e4cW-_yDk',0,0,'2024-10-13 22:40:59'),
(5,'eyJ0eXAiOiJKV1QiLCJhbGciOiJIUzI1NiJ9.eyJpc3MiOiJodHRwOi8vbGlicmFyeS5vcmciLCJhdWQiOiJodHRwOi8vbGlicmFyeS5jb20iLCJpYXQiOjE3Mjg4MzQzODQsImV4cCI6MTcyODgzNzk5NH0.LWGd3LXoc_XB6MCBieYUfl1P5L0HZP7kGv5Si_uqxxE',1728837984,0,'2024-10-13 23:46:24'),
(6,'eyJ0eXAiOiJKV1QiLCJhbGciOiJIUzI1NiJ9.eyJpc3MiOiJodHRwOi8vbGlicmFyeS5vcmciLCJhdWQiOiJodHRwOi8vbGlicmFyeS5jb20iLCJpYXQiOjE3Mjg4MzQ0NzAsImV4cCI6MTcyODgzODA4MH0.Xyyj8EyKl6y6ggZNy1suMGk5I-iF9fqJHjepo_Y2l6I',1728838070,0,'2024-10-13 23:47:50'),
(7,'eyJ0eXAiOiJKV1QiLCJhbGciOiJIUzI1NiJ9.eyJpc3MiOiJodHRwOi8vbGlicmFyeS5vcmciLCJhdWQiOiJodHRwOi8vbGlicmFyeS5jb20iLCJpYXQiOjE3Mjg4MzQ3MTYsImV4cCI6MTcyODgzODMyNn0.F4sT-tBI1PxktqZwyRSBBU2AXZ7hzBM4_h__gN7nJyM',1728838316,1,'2024-10-13 23:51:56'),
(8,'eyJ0eXAiOiJKV1QiLCJhbGciOiJIUzI1NiJ9.eyJpc3MiOiJodHRwOi8vbGlicmFyeS5vcmciLCJhdWQiOiJodHRwOi8vbGlicmFyeS5jb20iLCJpYXQiOjE3Mjg4MzQ3MjQsImV4cCI6MTcyODgzODMzNH0.FcoW0DrHw2gesZ9zF4Q3-XAN5_5aXFPo1wuFVYobQQk',1728838324,0,'2024-10-13 23:52:04'),
(9,'eyJ0eXAiOiJKV1QiLCJhbGciOiJIUzI1NiJ9.eyJpc3MiOiJodHRwOi8vbGlicmFyeS5vcmciLCJhdWQiOiJodHRwOi8vbGlicmFyeS5jb20iLCJpYXQiOjE3Mjg4MzQ3MjQsImV4cCI6MTcyODgzODMzNH0.FcoW0DrHw2gesZ9zF4Q3-XAN5_5aXFPo1wuFVYobQQk',1728838324,0,'2024-10-13 23:52:04'),
(10,'eyJ0eXAiOiJKV1QiLCJhbGciOiJIUzI1NiJ9.eyJpc3MiOiJodHRwOi8vbGlicmFyeS5vcmciLCJhdWQiOiJodHRwOi8vbGlicmFyeS5jb20iLCJpYXQiOjE3Mjg4MzQ4MjEsImV4cCI6MTcyODgzODQzMX0.hyTexejVQ1tfnRtTZn5dvhH2uxFnvyUzUQ6B9nDgseE',1728838421,0,'2024-10-13 23:53:41'),
(11,'eyJ0eXAiOiJKV1QiLCJhbGciOiJIUzI1NiJ9.eyJpc3MiOiJodHRwOi8vbGlicmFyeS5vcmciLCJhdWQiOiJodHRwOi8vbGlicmFyeS5jb20iLCJpYXQiOjE3Mjg4MzQ4MjEsImV4cCI6MTcyODgzODQzMX0.hyTexejVQ1tfnRtTZn5dvhH2uxFnvyUzUQ6B9nDgseE',1728838421,0,'2024-10-13 23:53:41'),
(12,'eyJ0eXAiOiJKV1QiLCJhbGciOiJIUzI1NiJ9.eyJpc3MiOiJodHRwOi8vbGlicmFyeS5vcmciLCJhdWQiOiJodHRwOi8vbGlicmFyeS5jb20iLCJpYXQiOjE3Mjg4MzQ4MjIsImV4cCI6MTcyODgzODQzMn0.TZbtDMTNmUCS9xoBMdcfDJQ97Am0A_3ix6NVgoAgD5w',1728838422,0,'2024-10-13 23:53:42'),
(13,'eyJ0eXAiOiJKV1QiLCJhbGciOiJIUzI1NiJ9.eyJpc3MiOiJodHRwOi8vbGlicmFyeS5vcmciLCJhdWQiOiJodHRwOi8vbGlicmFyeS5jb20iLCJpYXQiOjE3Mjg4MzQ4MjMsImV4cCI6MTcyODgzODQzM30.UiIjUfL44-jvWM3cqTj1EW5Cr6nOi6CVig1zLyPFhIw',1728838423,0,'2024-10-13 23:53:43'),
(14,'eyJ0eXAiOiJKV1QiLCJhbGciOiJIUzI1NiJ9.eyJpc3MiOiJodHRwOi8vbGlicmFyeS5vcmciLCJhdWQiOiJodHRwOi8vbGlicmFyeS5jb20iLCJpYXQiOjE3Mjg4MzQ4MjMsImV4cCI6MTcyODgzODQzM30.UiIjUfL44-jvWM3cqTj1EW5Cr6nOi6CVig1zLyPFhIw',1728838423,0,'2024-10-13 23:53:43'),
(15,'eyJ0eXAiOiJKV1QiLCJhbGciOiJIUzI1NiJ9.eyJpc3MiOiJodHRwOi8vbGlicmFyeS5vcmciLCJhdWQiOiJodHRwOi8vbGlicmFyeS5jb20iLCJpYXQiOjE3Mjg4MzQ4MjMsImV4cCI6MTcyODgzODQzM30.UiIjUfL44-jvWM3cqTj1EW5Cr6nOi6CVig1zLyPFhIw',1728838423,0,'2024-10-13 23:53:43'),
(16,'eyJ0eXAiOiJKV1QiLCJhbGciOiJIUzI1NiJ9.eyJpc3MiOiJodHRwOi8vbGlicmFyeS5vcmciLCJhdWQiOiJodHRwOi8vbGlicmFyeS5jb20iLCJpYXQiOjE3Mjg4MzQ4MjMsImV4cCI6MTcyODgzODQzM30.UiIjUfL44-jvWM3cqTj1EW5Cr6nOi6CVig1zLyPFhIw',1728838423,0,'2024-10-13 23:53:43'),
(17,'eyJ0eXAiOiJKV1QiLCJhbGciOiJIUzI1NiJ9.eyJpc3MiOiJodHRwOi8vbGlicmFyeS5vcmciLCJhdWQiOiJodHRwOi8vbGlicmFyeS5jb20iLCJpYXQiOjE3Mjg4MzQ4MjQsImV4cCI6MTcyODgzODQzNH0.NBaAGtOvHVeDg9porb96aJMpRubHGYQ42z48bLg3wpY',1728838424,0,'2024-10-13 23:53:44'),
(18,'eyJ0eXAiOiJKV1QiLCJhbGciOiJIUzI1NiJ9.eyJpc3MiOiJodHRwOi8vbGlicmFyeS5vcmciLCJhdWQiOiJodHRwOi8vbGlicmFyeS5jb20iLCJpYXQiOjE3Mjg4MzQ4MjQsImV4cCI6MTcyODgzODQzNH0.NBaAGtOvHVeDg9porb96aJMpRubHGYQ42z48bLg3wpY',1728838424,0,'2024-10-13 23:53:44'),
(19,'eyJ0eXAiOiJKV1QiLCJhbGciOiJIUzI1NiJ9.eyJpc3MiOiJodHRwOi8vbGlicmFyeS5vcmciLCJhdWQiOiJodHRwOi8vbGlicmFyeS5jb20iLCJpYXQiOjE3Mjg4MzQ4MjQsImV4cCI6MTcyODgzODQzNH0.NBaAGtOvHVeDg9porb96aJMpRubHGYQ42z48bLg3wpY',1728838424,0,'2024-10-13 23:53:44'),
(20,'eyJ0eXAiOiJKV1QiLCJhbGciOiJIUzI1NiJ9.eyJpc3MiOiJodHRwOi8vbGlicmFyeS5vcmciLCJhdWQiOiJodHRwOi8vbGlicmFyeS5jb20iLCJpYXQiOjE3Mjg4MzQ4MjQsImV4cCI6MTcyODgzODQzNH0.NBaAGtOvHVeDg9porb96aJMpRubHGYQ42z48bLg3wpY',1728838424,0,'2024-10-13 23:53:44'),
(21,'eyJ0eXAiOiJKV1QiLCJhbGciOiJIUzI1NiJ9.eyJpc3MiOiJodHRwOi8vbGlicmFyeS5vcmciLCJhdWQiOiJodHRwOi8vbGlicmFyeS5jb20iLCJpYXQiOjE3Mjg4MzQ4MjQsImV4cCI6MTcyODgzODQzNH0.NBaAGtOvHVeDg9porb96aJMpRubHGYQ42z48bLg3wpY',1728838424,0,'2024-10-13 23:53:44'),
(22,'eyJ0eXAiOiJKV1QiLCJhbGciOiJIUzI1NiJ9.eyJpc3MiOiJodHRwOi8vbGlicmFyeS5vcmciLCJhdWQiOiJodHRwOi8vbGlicmFyeS5jb20iLCJpYXQiOjE3Mjg4MzQ4MjQsImV4cCI6MTcyODgzODQzNH0.NBaAGtOvHVeDg9porb96aJMpRubHGYQ42z48bLg3wpY',1728838424,0,'2024-10-13 23:53:44'),
(23,'eyJ0eXAiOiJKV1QiLCJhbGciOiJIUzI1NiJ9.eyJpc3MiOiJodHRwOi8vbGlicmFyeS5vcmciLCJhdWQiOiJodHRwOi8vbGlicmFyeS5jb20iLCJpYXQiOjE3Mjg4MzQ4MjQsImV4cCI6MTcyODgzODQzNH0.NBaAGtOvHVeDg9porb96aJMpRubHGYQ42z48bLg3wpY',1728838424,0,'2024-10-13 23:53:44'),
(24,'eyJ0eXAiOiJKV1QiLCJhbGciOiJIUzI1NiJ9.eyJpc3MiOiJodHRwOi8vbGlicmFyeS5vcmciLCJhdWQiOiJodHRwOi8vbGlicmFyeS5jb20iLCJpYXQiOjE3Mjg4MzQ4MjQsImV4cCI6MTcyODgzODQzNH0.NBaAGtOvHVeDg9porb96aJMpRubHGYQ42z48bLg3wpY',1728838424,0,'2024-10-13 23:53:44'),
(25,'eyJ0eXAiOiJKV1QiLCJhbGciOiJIUzI1NiJ9.eyJpc3MiOiJodHRwOi8vbGlicmFyeS5vcmciLCJhdWQiOiJodHRwOi8vbGlicmFyeS5jb20iLCJpYXQiOjE3Mjg4MzQ4MjQsImV4cCI6MTcyODgzODQzNH0.NBaAGtOvHVeDg9porb96aJMpRubHGYQ42z48bLg3wpY',1728838424,0,'2024-10-13 23:53:44'),
(26,'eyJ0eXAiOiJKV1QiLCJhbGciOiJIUzI1NiJ9.eyJpc3MiOiJodHRwOi8vbGlicmFyeS5vcmciLCJhdWQiOiJodHRwOi8vbGlicmFyeS5jb20iLCJpYXQiOjE3Mjg4MzQ4MjQsImV4cCI6MTcyODgzODQzNH0.NBaAGtOvHVeDg9porb96aJMpRubHGYQ42z48bLg3wpY',1728838424,0,'2024-10-13 23:53:44'),
(27,'eyJ0eXAiOiJKV1QiLCJhbGciOiJIUzI1NiJ9.eyJpc3MiOiJodHRwOi8vbGlicmFyeS5vcmciLCJhdWQiOiJodHRwOi8vbGlicmFyeS5jb20iLCJpYXQiOjE3Mjg4MzQ4MjQsImV4cCI6MTcyODgzODQzNH0.NBaAGtOvHVeDg9porb96aJMpRubHGYQ42z48bLg3wpY',1728838424,0,'2024-10-13 23:53:44'),
(28,'eyJ0eXAiOiJKV1QiLCJhbGciOiJIUzI1NiJ9.eyJpc3MiOiJodHRwOi8vbGlicmFyeS5vcmciLCJhdWQiOiJodHRwOi8vbGlicmFyeS5jb20iLCJpYXQiOjE3Mjg4MzQ4MjQsImV4cCI6MTcyODgzODQzNH0.NBaAGtOvHVeDg9porb96aJMpRubHGYQ42z48bLg3wpY',1728838424,0,'2024-10-13 23:53:44'),
(29,'eyJ0eXAiOiJKV1QiLCJhbGciOiJIUzI1NiJ9.eyJpc3MiOiJodHRwOi8vbGlicmFyeS5vcmciLCJhdWQiOiJodHRwOi8vbGlicmFyeS5jb20iLCJpYXQiOjE3Mjg4MzQ4ODcsImV4cCI6MTcyODgzODQ4N30.k9ns4OS_Yz368RUoesIifxN3z3WXW7gkYYk7Tvx6AwY',0,0,'2024-10-13 23:54:47'),
(30,'eyJ0eXAiOiJKV1QiLCJhbGciOiJIUzI1NiJ9.eyJpc3MiOiJodHRwOi8vbGlicmFyeS5vcmciLCJhdWQiOiJodHRwOi8vbGlicmFyeS5jb20iLCJpYXQiOjE3Mjg4MzQ4OTEsImV4cCI6MTcyODgzODQ5MX0.5OmRW7tPpdyVAmRD8d-aHlpM7uznsPWs0WIdHtP3Np0',0,1,'2024-10-13 23:54:51'),
(31,'eyJ0eXAiOiJKV1QiLCJhbGciOiJIUzI1NiJ9.eyJpc3MiOiJodHRwOi8vbGlicmFyeS5vcmciLCJhdWQiOiJodHRwOi8vbGlicmFyeS5jb20iLCJpYXQiOjE3Mjg4MzQ4OTksImV4cCI6MTcyODgzODQ5OX0.gIIQYOE_qKEbDCn9Pd-7bg-STPw_plpNx_V5eGeO_O0',0,0,'2024-10-13 23:54:59'),
(32,'eyJ0eXAiOiJKV1QiLCJhbGciOiJIUzI1NiJ9.eyJpc3MiOiJodHRwOi8vbGlicmFyeS5vcmciLCJhdWQiOiJodHRwOi8vbGlicmFyeS5jb20iLCJpYXQiOjE3Mjg4MzUyOTgsImV4cCI6MTcyODgzODg5OH0.EOF8UrwDIe2hQF-JH2084EzVQm9jSHImnvRJ5H0Dpes',0,1,'2024-10-14 00:01:38'),
(33,'eyJ0eXAiOiJKV1QiLCJhbGciOiJIUzI1NiJ9.eyJpc3MiOiJodHRwOi8vbGlicmFyeS5vcmciLCJhdWQiOiJodHRwOi8vbGlicmFyeS5jb20iLCJpYXQiOjE3Mjg4MzUzMTAsImV4cCI6MTcyODgzODkxMH0.JuNgwGUAPDRb01SwT9oYcUunBh4vx7VPIJc4v5_pUic',0,1,'2024-10-14 00:01:50'),
(34,'eyJ0eXAiOiJKV1QiLCJhbGciOiJIUzI1NiJ9.eyJpc3MiOiJodHRwOi8vbGlicmFyeS5vcmciLCJhdWQiOiJodHRwOi8vbGlicmFyeS5jb20iLCJpYXQiOjE3Mjg4MzUzMjMsImV4cCI6MTcyODgzODkyM30.HWCpFj4RMAsE_Jqm2kZt2n3Inu42oiqotMpJq1QJQto',0,0,'2024-10-14 00:02:03');

/*Table structure for table `users` */

DROP TABLE IF EXISTS `users`;

CREATE TABLE `users` (
  `userid` int(9) NOT NULL AUTO_INCREMENT,
  `username` char(255) NOT NULL,
  `password` text NOT NULL,
  PRIMARY KEY (`userid`)
) ENGINE=InnoDB AUTO_INCREMENT=125 DEFAULT CHARSET=utf8mb4 COLLATE=utf8mb4_general_ci;

/*Data for the table `users` */

insert  into `users`(`userid`,`username`,`password`) values 
(101,'user101','5c773b22ea79d367b38810e7e9ad108646ed62e231868cefb0b1280ea88ac4f0'),
(102,'user101','5c773b22ea79d367b38810e7e9ad108646ed62e231868cefb0b1280ea88ac4f0'),
(103,'denver45','192129cc9afd618524bed6531e6d0a2b94e0eba1cdb50179a03a109a23d14351'),
(104,'denver455','0d9cc342576988d361306c124d636519273d3c1128e1524e08a4fd2fc532cad2'),
(105,'denver455','$2y$10$ncXOS8MBiYUA9/ArSqXj.u7x8TIfFqVBTi2NPxjpPvRyLPycPjtpG'),
(106,'denver4555','$2y$10$QxlW6tkZkChlc9oRWQ55UeIiCQfw9UXPol4NXqW1MMfoGbq8ddNTK'),
(107,'denver45556','$2y$10$zEm3XdGrckSicK6UgEI4..Q8oInalg85QWaqOzC4ezVwKEqquHicK'),
(108,'denden','$2y$10$C2sN1JSZrgIlfn9JvPjsGO0iPkiEztzUHt.LIsk6lgepgPFeIXuRe'),
(109,'denden','$2y$10$jxfStL67c.2ykFZ9JySkduawO5mASrnuU5RBDjfbqcYaS7wlVTeYq'),
(110,'denden','$2y$10$2d0ypWfuipvtrhbyIZ84JeXeMNJT8rkaSZ9D94j5VFEsguAb3Z6Ga'),
(111,'denden','$2y$10$i2ejEUJ492gZjTVNQq3hs.fLjxo3Pc8QAGIBMXpNt3QOPBm.jCkEm'),
(112,'denden','$2y$10$cDVPvO0hua4CVgB6uNyrDeLLvoNJpRWtoEUplYXXRdzvcfvyOtN16'),
(113,'denden','$2y$10$VDiAnhIGO36hYjNzIgyWkOObGrPd0jXUQL7z9kPUaJ7uhis9jc9de'),
(114,'denden','$2y$10$6ae.gl2s7EjAD0q2kWszhu1aQ.dSoBySeKXe1INXFRqaP1SSIYAXC'),
(115,'denden','$2y$10$yk2EQ.oYDBrNAnGSOg8SKO6xZWrhkD0HGHM68lrltxzhGLEmj1fWG'),
(116,'denden14','$2y$10$ioGxemQabpcKZ23oKPVZgOrpD7upmjRMC0gpr1aINbzIDBUqTYQDi'),
(117,'robin1wefe','$2y$10$JQGbtkzBh4Y2lMCzDGlMkOBZNpzI.dD5NDpUN.g6tKTaG4rrMfBP6'),
(118,'robin1wefe','$2y$10$nvm.TN8h5amtaYfcO3brIeoaVFNDQR4kUPiIRzkeVe4Du98dQaRAG'),
(119,'rhuby','$2y$10$DtNzlQ2yoPWovfhOprY3qOVf6/7Rj.gbv8OjY2LD3qjYkSGu0JAR2'),
(120,'rhuby','$2y$10$/wCaCXCBLKDazk47m5oepeyXADGXwJX.6jObRjCqA2yuow.OM3dfu'),
(121,'robinn','$2y$10$GzdU0.sW.69xjlGkIOnrPOQAimjwcT/MsSVGqFYHdVHs0tShJiba2'),
(122,'robinn','$2y$10$EynRDTbyV0OPIlclO7ChOOFl2jna6WkeXU8NkmjVedpRYr/b3t1L6'),
(123,'robinn','$2y$10$AduDaUskuVZI/AbzcaTpyO4UaGAZHrCejgsaf64iBjgq6pp3POSr2'),
(124,'robinn','$2y$10$CyPo9.xDxo6wxdSbPgzG..Y9TJyrCiWguG7UUgxFu8chnBJQ2/kWq');

/*!40101 SET SQL_MODE=@OLD_SQL_MODE */;
/*!40014 SET FOREIGN_KEY_CHECKS=@OLD_FOREIGN_KEY_CHECKS */;
/*!40014 SET UNIQUE_CHECKS=@OLD_UNIQUE_CHECKS */;
/*!40111 SET SQL_NOTES=@OLD_SQL_NOTES */;
